Strategy,Total Return,CAGR,Benchmark Return,Annual Vol,Sharpe,Sortino,Max Drawdown,Calmar,Alpha (ann),Beta,Info Ratio,Alpha t-stat,Alpha p-value,Alpha significant (5%),Bootstrap Alpha Mean,Bootstrap CI Low,Bootstrap CI High,P(alpha > 0),Total Costs,N Trades,N Days
Analyst Ratings (PIT),0.950154333570719,0.11431496673368158,1.050235502107025,0.20973035833075576,0.6219695095196108,0.7403019782649539,-0.40231712442845907,0.32423647958725793,0.003909561312671856,0.9193594925736173,-0.0783835078495052,-0.1947106118944235,0.8456449551780525,False,-0.008081108481562555,-0.07971205343145937,0.06549807650966155,0.4104,3040.5445868553525,845,1555
Momentum (60d),2.69589828790678,0.23595739445620145,1.050235502107025,0.28591217691497234,0.8849210275007248,1.1161904331421486,-0.4589403985711944,0.5512909697168825,0.11526975001786259,1.000760266384039,0.5822348923037473,1.4463158801773637,0.1482902791672664,False,0.11537399332356776,-0.041671587607560096,0.2762792492466947,0.926,18308.84876364547,1144,1555
Buy & Hold (EW),0.8303578204909883,0.1029251165381142,1.050235502107025,0.20497254868617512,0.580993109560894,0.7257370122239523,-0.3638504037761444,0.3272983544882093,-0.010933415812590925,0.9446780500936623,-0.2831155208517251,-0.7032805473274796,0.4819862796162875,False,-0.019040147538715115,-0.06991192145940954,0.03234591679051077,0.2326,96.87500000000009,93,1555
